date,total_orders,gmv_krw,ad_spend_krw,rocket_orders,wow_orders,promo_flag
2024-01-01,5149,144172000,7143286,3604,1545,0
2024-01-02,4967,139076000,8385978,3494,1473,0
2024-01-03,5211,145908000,7821230,3684,1527,0
2024-01-04,5482,153496000,8571200,3894,1588,0
2024-01-05,6221,174188000,11378590,4440,1781,0
2024-01-06,6988,195664000,10941737,5010,1978,0
2024-01-07,6281,175868000,7322565,4524,1757,0
2024-01-08,5288,148064000,6788122,3825,1463,0
2024-01-09,4925,137900000,7642788,3577,1348,0
2024-01-10,5237,146636000,8685119,3819,1418,0
2024-01-11,7994,223832000,15171275,5852,2142,1
2024-01-12,6224,174272000,10003409,4572,1652,0
2024-01-13,7212,201936000,11138545,5315,1897,0
2024-01-14,5300,148400000,8308254,3918,1382,0
2024-01-15,4599,128772000,7292914,3409,1190,0
2024-01-16,4956,138768000,8122980,3683,1273,0
2024-01-17,4829,135212000,8046567,3597,1232,0
2024-01-18,5235,146580000,7085624,3907,1328,0
2024-01-19,6164,172592000,11286230,4607,1557,0
2024-01-20,6797,190316000,11448628,5087,1710,0
2024-01-21,6380,178640000,8866441,4780,1600,0
2024-01-22,5106,142968000,8843042,3828,1278,0
2024-01-23,5203,145684000,6897865,3902,1301,0
2024-01-24,4763,133364000,7249740,3572,1191,0
2024-01-25,5036,141008000,8412028,3776,1260,0
2024-01-26,6542,183176000,11411029,4902,1640,0
2024-01-27,6956,194768000,11412038,5207,1749,0
2024-01-28,6120,171360000,11082185,4576,1544,0
2024-01-29,5052,141456000,8456712,3772,1280,0
2024-01-30,5153,144284000,8908453,3840,1313,0
2024-01-31,5068,141904000,8763201,3769,1299,0
2024-02-01,5813,162764000,8521113,4312,1501,0
2024-02-02,6577,184156000,10747785,4866,1711,0
2024-02-03,7066,197848000,11607175,5212,1854,0
2024-02-04,6321,176988000,7381740,4647,1674,0
2024-02-05,4924,137872000,7810545,3608,1316,0
2024-02-06,5361,150108000,7611709,3913,1448,0
2024-02-07,4719,132132000,8065499,3431,1288,0
2024-02-08,4916,137648000,9851727,3560,1356,0
2024-02-09,6713,187964000,9506188,4840,1873,0
2024-02-10,7686,215208000,11549008,5517,2169,0
2024-02-11,9877,276556000,13709827,7058,2819,1
2024-02-12,5313,148764000,7622455,3779,1534,0
2024-02-13,5266,147448000,8871160,3727,1539,0
2024-02-14,4921,137788000,8051424,3466,1455,0
2024-02-15,5157,144396000,7137804,3614,1543,0
2024-02-16,6588,184464000,10427757,4594,1994,0
2024-02-17,7862,220136000,11543678,5456,2406,0
2024-02-18,6311,176708000,7415707,4358,1953,0
2024-02-19,4877,136556000,8173167,3351,1526,0
2024-02-20,5512,154336000,8036457,3769,1743,0
2024-02-21,5307,148596000,7478720,3612,1695,0
2024-02-22,5228,146384000,9715155,3542,1686,0
2024-02-23,6983,195524000,11507135,4709,2274,0
2024-02-24,7936,222208000,9379886,5329,2607,0
2024-02-25,6554,183512000,8149163,4383,2171,0
2024-02-26,5212,145936000,7470571,3471,1741,0
2024-02-27,5380,150640000,8681947,3570,1810,0
2024-02-28,5580,156240000,7365983,3690,1890,0
2024-02-29,5782,161896000,7908211,3811,1971,0
2024-03-01,6728,188384000,11403990,4422,2306,0
2024-03-02,7652,214256000,11692604,5017,2635,0
2024-03-03,6009,168252000,7039763,3930,2079,0
2024-03-04,5163,144564000,7732399,3371,1792,0
2024-03-05,5774,161672000,7620044,3763,2011,0
2024-03-06,5946,166488000,7477337,3871,2075,0
2024-03-07,5525,154700000,9412363,3594,1931,0
2024-03-08,7245,202860000,11323985,4710,2535,0
2024-03-09,7897,221116000,9991293,5133,2764,0
2024-03-10,6214,173992000,8734290,4040,2174,0
2024-03-11,9037,253036000,16697725,5879,3158,1
2024-03-12,6050,169400000,8825972,3940,2110,0
2024-03-13,5586,156408000,6784504,3642,1944,0
2024-03-14,6074,170072000,7612613,3967,2107,0
2024-03-15,10441,292348000,19013529,6833,3608,1
2024-03-16,8117,227276000,10433864,5325,2792,0
2024-03-17,6500,182000000,8355056,4275,2225,0
2024-03-18,5548,155344000,8619707,3660,1888,0
2024-03-19,5674,158872000,7258456,3755,1919,0
2024-03-20,5058,141624000,7952380,3359,1699,0
2024-03-21,5597,156716000,5406986,3731,1866,0
2024-03-22,7196,201488000,10180490,4817,2379,0
2024-03-23,8395,235060000,10797945,5643,2752,0
2024-03-24,6386,178808000,7001773,4311,2075,0
2024-03-25,5454,152712000,9305929,3699,1755,0
2024-03-26,5554,155512000,6855887,3784,1770,0
2024-03-27,5987,167636000,7647964,4099,1888,0
2024-03-28,5820,162960000,8104592,4004,1816,0
2024-03-29,7003,196084000,12153019,4842,2161,0
2024-03-30,8187,229236000,9851310,5688,2499,0
2024-03-31,6637,185836000,8930531,4634,2003,0
2024-04-01,6045,169260000,8008186,4242,1803,0
2024-04-02,5552,155456000,7214793,3915,1637,0
2024-04-03,5672,158816000,8369683,4019,1653,0
2024-04-04,5661,158508000,8159248,4031,1630,0
2024-04-05,6795,190260000,10519826,4861,1934,0
2024-04-06,8203,229684000,11055842,5895,2308,0
2024-04-07,6753,189084000,7691749,4874,1879,0
2024-04-08,5814,162792000,8090814,4214,1600,0
2024-04-09,5750,161000000,8529705,4185,1565,0
2024-04-10,5404,151312000,9268813,3948,1456,0
2024-04-11,9213,257964000,14009748,6756,2457,1
2024-04-12,7204,201712000,12706427,5301,1903,0
2024-04-13,7954,222712000,9438330,5871,2083,0
2024-04-14,6693,187404000,7878572,4955,1738,0
2024-04-15,5991,167748000,8470654,4447,1544,0
2024-04-16,6444,180432000,8224793,4794,1650,0
2024-04-17,5939,166292000,7501840,4428,1511,0
2024-04-18,5972,167216000,7833502,4460,1512,0
2024-04-19,7357,205996000,10605599,5503,1854,0
2024-04-20,7701,215628000,10528508,5767,1934,0
2024-04-21,6800,190400000,8679682,5096,1704,0
2024-04-22,5946,166488000,8285612,4459,1487,0
2024-04-23,6675,186900000,7445672,5006,1669,0
2024-04-24,5887,164836000,8719680,4415,1472,0
2024-04-25,6044,169232000,8245840,4530,1514,0
2024-04-26,7441,208348000,11650290,5573,1868,0
2024-04-27,8007,224196000,11503703,5991,2016,0
2024-04-28,7217,202076000,7336804,5392,1825,0
2024-04-29,6212,173936000,7551855,4634,1578,0
2024-04-30,6232,174496000,8597835,4639,1593,0
2024-05-01,5730,160440000,8488296,4256,1474,0
2024-05-02,6432,180096000,7983279,4765,1667,0
2024-05-03,7104,198912000,11093862,5248,1856,0
2024-05-04,8615,241220000,12022132,6344,2271,0
2024-05-05,7598,212744000,7526743,5577,2021,0
2024-05-06,5747,160916000,8437678,4203,1544,0
2024-05-07,5883,164724000,7838246,4286,1597,0
2024-05-08,6091,170548000,7825855,4420,1671,0
2024-05-09,5918,165704000,8879021,4276,1642,0
2024-05-10,7131,199668000,11660333,5130,2001,0
2024-05-11,13652,382256000,18650808,9777,3875,1
2024-05-12,6689,187292000,9044383,4768,1921,0
2024-05-13,6244,174832000,8016803,4430,1814,0
2024-05-14,5835,163380000,8545562,4120,1715,0
2024-05-15,6584,184352000,7751787,4626,1958,0
2024-05-16,5892,164976000,8259333,4119,1773,0
2024-05-17,7573,212044000,10895886,5268,2305,0
2024-05-18,8845,247660000,11077597,6123,2722,0
2024-05-19,6705,187740000,8476126,4618,2087,0
2024-05-20,6228,174384000,7345423,4269,1959,0
2024-05-21,6561,183708000,9673910,4476,2085,0
2024-05-22,5695,159460000,7195186,3867,1828,0
2024-05-23,6240,174720000,7028649,4218,2022,0
2024-05-24,12465,349020000,18926489,8388,4077,1
2024-05-25,8917,249676000,11633330,5975,2942,0
2024-05-26,6770,189560000,8499296,4518,2252,0
2024-05-27,5822,163016000,8502676,3870,1952,0
2024-05-28,6383,178724000,7990203,4228,2155,0
2024-05-29,6324,177072000,7282197,4175,2149,0
2024-05-30,6318,176904000,8060644,4159,2159,0
2024-05-31,7918,221704000,10458271,5197,2721,0
2024-06-01,8560,239680000,11780096,5605,2955,0
2024-06-02,7278,203784000,7882354,4756,2522,0
2024-06-03,6364,178192000,7339602,4151,2213,0
2024-06-04,6070,169960000,7742891,3954,2116,0
2024-06-05,6853,191884000,8330345,4459,2394,0
2024-06-06,6443,180404000,7549020,4189,2254,0
2024-06-07,7529,210812000,10342224,4894,2635,0
2024-06-08,9042,253176000,11194950,5878,3164,0
2024-06-09,6982,195496000,8195973,4541,2441,0
2024-06-10,6570,183960000,7594445,4276,2294,0
2024-06-11,10496,293888000,14623169,6839,3657,1
2024-06-12,6105,170940000,8185640,3984,2121,0
2024-06-13,6648,186144000,6841533,4346,2302,0
2024-06-14,8083,226324000,9874029,5296,2787,0
2024-06-15,9173,256844000,10425245,6025,3148,0
2024-06-16,7911,221508000,7829242,5211,2700,0
2024-06-17,6319,176932000,8248726,4175,2144,0
2024-06-18,6174,172872000,9180285,4093,2081,0
2024-06-19,6142,171976000,8686128,4087,2055,0
2024-06-20,6172,172816000,7872049,4123,2049,0
2024-06-21,8009,224252000,10984787,5372,2637,0
2024-06-22,9110,255080000,10197977,6137,2973,0
2024-06-23,7491,209748000,7985189,5069,2422,0
2024-06-24,6698,187544000,7769073,4553,2145,0
2024-06-25,6462,180936000,8258175,4413,2049,0
2024-06-26,6903,193284000,7338215,4737,2166,0
2024-06-27,6396,179088000,8415477,4411,1985,0
2024-06-28,8920,249760000,12226191,6182,2738,0
2024-06-29,9276,259728000,10912992,6461,2815,0
2024-06-30,7218,202104000,8321369,5053,2165,0
