userId,movieId,rating
1,7,3
1,16,1
1,11,5
1,24,3
1,21,3
1,3,2
1,12,1
1,18,5
2,8,2
2,9,3
2,29,3
2,10,1
2,6,3
2,22,1
2,25,4
2,2,4
2,11,5
2,20,4
2,3,2
2,24,5
2,16,3
2,14,2
3,23,2
3,6,4
3,14,4
3,26,1
3,10,5
3,4,1
3,25,5
3,28,1
3,3,4
3,16,4
3,2,4
3,19,4
3,12,3
3,27,4
3,9,2
4,25,3
4,27,5
4,3,2
4,19,2
4,17,3
4,11,5
4,12,5
4,10,1
4,1,2
4,4,5
4,14,1
4,6,5
4,18,2
4,9,5
5,21,4
5,27,4
5,14,3
5,30,4
5,10,1
5,12,5
5,15,3
5,3,5
5,19,1
5,13,3
6,17,4
6,9,2
6,7,4
6,16,4
6,11,3
6,4,4
6,3,2
6,10,1
6,26,1
6,21,3
6,27,5
6,6,1
6,19,3
7,30,4
7,12,1
7,7,1
7,1,3
7,15,1
7,22,2
7,4,4
7,13,1
7,14,4
7,5,1
7,17,1
7,23,3
7,26,4
8,15,1
8,9,2
8,12,3
8,29,4
8,10,3
8,24,3
8,18,5
8,22,1
8,7,3
9,14,1
9,25,2
9,11,2
9,1,4
9,23,4
9,21,4
9,6,5
9,17,4
9,8,2
9,12,1
9,9,4
9,28,5
10,27,5
10,6,5
10,3,1
10,21,5
10,22,1
10,4,4
10,5,5
10,8,5
10,28,2
10,1,5
10,29,1
10,9,3
10,20,3
10,12,2
10,25,1
11,17,1
11,27,2
11,20,2
11,19,5
11,18,4
11,8,2
11,1,5
11,3,3
11,28,3
11,10,3
11,7,1
11,30,5
11,12,1
11,6,1
12,4,4
12,15,1
12,27,4
12,17,5
12,7,1
12,1,3
12,26,1
12,28,3
12,9,5
13,8,3
13,10,3
13,15,1
13,20,4
13,14,5
13,24,1
13,4,4
13,30,1
14,4,4
14,5,4
14,28,5
14,24,5
14,21,4
14,14,4
14,12,2
14,23,3
14,20,1
14,1,2
14,19,5
14,8,3
14,29,1
15,25,1
15,10,5
15,29,5
15,26,3
15,21,1
15,7,1
15,30,2
15,6,3
15,23,1
15,12,3
15,18,1
15,24,3
15,17,1
16,4,2
16,22,2
16,2,4
16,10,3
16,20,5
16,1,3
16,18,2
16,25,1
16,13,1
16,12,2
16,26,5
16,15,3
16,30,5
17,21,5
17,2,3
17,25,4
17,3,4
17,30,4
17,11,4
17,26,4
17,20,4
18,28,3
18,8,1
18,30,3
18,19,4
18,14,2
18,13,2
18,26,2
18,24,3
18,25,2
19,6,4
19,8,4
19,16,1
19,19,2
19,9,1
19,20,4
19,29,1
19,24,2
19,25,3
19,15,4
19,23,3
19,4,5
19,26,5
20,15,3
20,3,3
20,16,4
20,28,5
20,17,4
20,29,5
20,21,5
20,20,1
20,30,2
21,27,5
21,14,1
21,11,4
21,4,1
21,1,4
21,2,1
21,21,3
21,29,4
21,17,4
21,25,3
21,30,5
21,5,4
21,15,2
22,23,3
22,16,5
22,30,5
22,10,2
22,28,4
22,25,4
22,19,3
22,18,1
22,21,2
22,14,4
22,7,5
22,29,1
22,15,4
23,13,3
23,1,5
23,30,4
23,18,4
23,29,3
23,16,1
23,15,2
23,3,5
23,6,1
23,4,5
23,24,4
23,20,2
23,8,4
23,17,5
24,16,3
24,25,1
24,1,5
24,30,4
24,19,5
24,4,1
24,18,1
24,3,5
25,24,5
25,25,5
25,2,1
25,14,4
25,23,5
25,5,4
25,1,5
25,21,5
25,30,3
25,18,1
26,22,3
26,17,5
26,26,4
26,18,4
26,20,3
26,29,1
26,5,1
26,14,4
26,15,1
26,3,1
26,13,2
27,16,4
27,8,3
27,4,5
27,23,1
27,27,1
27,17,3
27,30,3
27,20,4
27,10,3
27,18,5
27,13,3
27,2,1
27,5,1
27,28,5
27,25,1
28,17,2
28,2,3
28,14,3
28,9,4
28,25,3
28,29,4
28,28,3
28,27,4
28,6,4
28,5,2
28,11,2
28,12,4
28,10,2
28,16,3
28,7,1
29,12,5
29,20,2
29,26,3
29,11,1
29,22,1
29,14,1
29,9,1
29,13,5
29,24,5
29,16,5
29,4,1
30,2,3
30,14,2
30,5,4
30,13,1
30,9,2
30,7,4
30,10,4
30,21,1
31,23,3
31,11,1
31,20,4
31,12,1
31,22,3
31,7,5
31,21,5
31,24,5
31,29,5
31,2,3
31,5,2
31,9,5
32,22,1
32,25,3
32,10,5
32,19,3
32,21,4
32,17,3
32,15,1
32,8,1
32,3,2
32,13,2
32,11,5
32,12,5
32,2,5
32,23,4
33,13,3
33,21,5
33,9,2
33,24,3
33,2,1
33,27,5
33,19,2
33,18,2
33,15,3
33,10,3
33,16,5
33,23,3
34,25,3
34,22,1
34,28,3
34,1,2
34,5,1
34,10,4
34,23,3
34,11,4
34,16,4
34,2,5
34,30,5
34,9,4
35,17,5
35,16,4
35,19,5
35,13,4
35,8,4
35,28,2
35,14,1
35,25,1
35,24,2
35,27,1
35,4,3
35,11,4
35,3,5
35,21,3
35,7,5
36,5,4
36,8,4
36,9,4
36,16,1
36,30,5
36,15,4
36,3,4
36,23,2
36,19,5
36,28,2
36,14,1
36,6,5
36,26,2
36,2,1
36,24,4
37,11,3
37,30,5
37,19,3
37,1,2
37,16,4
37,8,5
37,14,5
37,24,2
37,28,4
38,9,1
38,3,1
38,19,3
38,11,1
38,8,5
38,7,5
38,25,4
38,28,4
38,20,3
38,13,1
38,5,2
38,22,3
39,9,5
39,15,2
39,4,2
39,2,3
39,7,2
39,3,5
39,1,5
39,23,2
39,29,3
39,24,5
39,14,4
39,8,2
39,20,3
39,28,4
39,6,4
40,8,3
40,5,4
40,9,4
40,25,3
40,11,5
40,21,3
40,7,5
40,29,5
